,text,label
0,"The Phoenix Suns defeated the host Phoenix Suns , 111 - 106 , at Smoothie King Center on Friday",1.0
1,"The Pelicans ( 16 - 32 ) checked in to Friday 's contest with a disappointing loss to the Pelicans ( 16 - 32 ) , but they were able to pull away in the second half",1.0
2,"However , the Pelicans were able to pull away in the second half , outscoring the Suns by a 34 - 18 margin over the final 12 minutes",1.0
3,"However , the Pelicans battled back in the second , outscoring the Pelicans by a 34 - 18 margin over the final 12 minutes",1.0
4,"The Pelicans were led by Eric Bledsoe 's 14 points , which he supplemented with seven rebounds , five assists and a pair of blocks",1.0
5,"Devin Booker was right behind him with 14 points , five assists , two rebounds and a steal",1.0
6,"Marquese Chriss followed with 12 points , three rebounds , two assists , a steal and a block",1.0
7,"PJ Tucker led the bench with 12 points , five rebounds , an assist and a steal",1.0
8,"Phoenix was led by Eric Bledsoe 's 14 points , which he supplemented with seven rebounds , five assists , a steal and a block",1.0
9,"Marquese Chriss followed with 12 points , three rebounds , two assists and a block",1.0
10,"Marquese Chriss was productive in a reserve role as well with 14 points , three rebounds , two assists and a block",1.0
11,"Phoenix was led by Brandon Knight 's 12 points , six assists , two rebounds and a pair of steals",1.0
12,"Eric Bledsoe was right behind him with 14 points , seven assists , seven rebounds and a pair of blocks",1.0
13,"Terrence Jones was next with a near double - double of 12 points , nine rebounds , six assists , two steals and a block",1.0
14,"Buddy Hield led the second unit with 11 points , five rebounds , four assists and a steal",1.0
15,The Suns remain in last place in the Western Conference 's Southwest Division,1.0
16,They head to Minnesota to take on the Timberwolves on Monday,1.0
17,"Jrue Holiday followed with 20 points , seven assists , four rebounds and three steals",1.0
18,"Buddy Hield followed with 11 points , four assists , a rebound and a steal",1.0
19,"Buddy Hield led the bench with 11 points , four assists , a rebound and a steal",1.0
20,The Pelicans remain in last place in the Western Conference 's Southwest Division,1.0
21,They remain home to face the Golden State Warriors on Monday .,1.0
22,"The Oklahoma City Thunder ( 50 - 22 ) defeated the visiting Utah Jazz ( 35 - 37 ) 113 - 91 , on Friday night at Chesapeake Energy Arena",1.0
23,"This game was tight throughout the first half , but the Thunder came out strong in the third quarter , out - scoring the Jazz 29 - 8",1.0
24,"The Jazz came out strong in the third quarter , out - scoring the Jazz 29 - 8 , but the Thunder battled back in the second and third quarters , where they out - scored the Jazz 59 - 42 , to tie the game on a 24 - 2 run",1.0
25,"Oklahoma City was led by Russell Westbrook , who scored a game - high 15 points ( 6 - 15 FG , 1 - 3 3Pt , 2 - 3 FT ) , along with nine assists , seven rebounds and three steals , in 27 minutes",1.0
26,"Gordon Hayward had six points ( 2 - 6 FG , 0 - 3 3Pt , 2 - 2 FT ) , five assists and two rebounds , while Derrick Favors chipped in seven points ( 3 - 8 FG , 1 - 4 3Pt ) , two rebounds , three assists and three steals , in 29 minutes",1.0
27,"The Jazz had six players score in double figures , including Gordon Hayward",1.0
28,"Hayward finished with six points ( 2 - 6 FG , 0 - 3 3Pt , 2 - 2 FT ) , five assists and two rebounds , in 37 minutes",1.0
29,"Derrick Favors chipped in seven points ( 3 - 8 FG , 1 - 1 FT ) , two rebounds and two steals , in 30 minutes",1.0
30,The Jazz had six players reach double figures in points,1.0
31,The Jazz have now lost two in a row,1.0
32,Next the Jazz will host the Grizzlies on Saturday,1.0
33,The Thunder have a couple of days off before getting back in action on Tuesday in Denver .,1.0
34,"The Golden State Warriors defeated the Los Angeles Clippers , 144 - 98 , at Oracle Arena on Wednesday",1.0
35,"The Warriors ( 40 - 7 ) came in to the game looking to keep pace with the red - hot Clippers ( 30 - 18 ) , who were coming off of a win against the defending champion Cleveland Cavaliers ( 30 - 18 ) in the first round of the playoffs",1.0
36,"Kevin Durant was the high - point man for the Warriors ( 40 - 18 ) , posting a team - high 23 points on 9 - of - 11 shooting , including 3 - of - 4 from long range",1.0
37,"Austin Rivers chipped in 10 points on 3 - of - 11 shooting , to go along with six rebounds , six assists and one steal , in 38 minutes , while James Michael Felton chipped in 10 points , seven rebounds and five assists , in 28 minutes off the bench",1.0
38,"The Clippers were led by Stephen Curry , who finished with 43 points , six assists and nine rebounds",1.0
39,"JJ Thompson chipped in 16 points , one rebound and one steal .",1.0
40,"The Atlanta Hawks defeated the New York Knicks , 142 - 139 , at Phillips Arena on Saturday night",1.0
41,"The Hawks ( 28 - 20 ) learned earlier in the day that they 'd ca n't disappoint this season , and the Hawks ( 28 - 28 ) were able to escape with a win",1.0
42,"Carmelo Anthony led the way for the Hawks ( 21 - 20 ) with a 45 - point , 19 - rebound , four - assist triple - double that also included four steals , a pair of blocks , a pair of blocks and a block",1.0
43,"Courtney Lee was next with 17 points , nine rebounds , two assists , two steals and a block",1.0
44,"Carmelo Anthony paced the Hawks with a game - high 45 points , six rebounds , four assists and a block",1.0
45,"Brandon Jennings was next with a 18 - point , 3 - assist double - double that also included three rebounds and a steal",1.0
46,"Dwight Howard posted a 19 - point , 12 - rebound double - double that also included an assist and a block",1.0
47,"Joakim Noah supplied six points , five rebounds , five assists , three steals and two blocks",1.0
48,The Houston Rockets defeated the host Dallas Mavericks 123 - 107 at American Airlines Center on Wednesday,1.0
49,"The Rockets ( 24 - 9 ) came into this game winners of five of their last eight games , but this was a great performance against the Mavericks",1.0
50,"Ryan Anderson followed up with 22 points on 7 - of - 12 shooting , including 4 - of - 7 from long range , in 27 minutes off the bench",1.0
51,The Rockets will look to get back on track as they play host to the Mavericks on Monday,1.0
52,"The Mavericks ( 9 - 23 ) have now won five of their last six games , as they continue to fall down the standings",1.0
53,Dallas will look to get back on track as they play host to the Mavericks on Monday .,1.0
54,"The Indiana Pacers defeated the Charlotte Hornets , 110 - 94 , at Bankers Life Fieldhouse on Wednesday",1.0
55,Indiana was expected to win this game easily and they left no doubt with this overtime win,1.0
56,"In fact , the Pacers led for the entirety of the second half , as they outscored the Hornets , 34 - 21 , in the fourth quarter",1.0
57,"Rebounding was a huge factor in the win , with the Pacers winning that battle , 42 - 34",1.0
58,"The Hornets ( 14 - 11 ) have now won five of their last seven games , as they continue to play well",1.0
59,"Kemba Walker did all he could for Charlotte , as he led the team with 12 points , two rebounds and five assists",1.0
60,"Cody Zeller was the only other starter in double figures , as he accrued 11 points , seven rebounds and two blocks",1.0
61,On deck for Charlotte is a road matchup with the Los Angeles Clippers on Monday,1.0
62,"The Pacers ( 13 - 12 ) have now won five of their last six games , as they continue to look like a great team",1.0
63,"Myles Turner was second on the team , as he accrued 22 points , seven rebounds and four blocks",1.0
64,The Toronto Raptors ( 17 - 11 ) defeated the Miami Heat ( 15 - 10 ) 108 - 94 on Wednesday at American Airlines Arena in Miami,1.0
65,"The Raptors got off to a hot start in this game , out - scoring the Heat 64 - 52 in the first half alone",1.0
66,"They were also able to out - score the Heat 50 - 38 in the second half , allowing them to coast to an easy victory in front of their home crowd",1.0
67,"The Raptors were led by Kyle Lowry , who finished with 21 points ( 8 - 18 FG , 1 - 4 3Pt , 4 - 4 FT ) , four assists and four steals",1.0
68,"DeMarre Carroll chipped in with 13 points ( 5 - 9 FG , 1 - 2 3Pt , 2 - 2 FT ) and five assists , while Gerald Green came off the bench to score 20 points ( 7 - 15 FG , 5 - 10 3Pt , 1 - 1 FT ) in just his second NBA regular season game ever",1.0
69,The Heat will look to get back on track in the second half of a back - to - back when they travel to Cleveland to take on the Cavaliers on Sunday night,1.0
70,Miami has now lost three straight games,1.0
71,"Hassan Whiteside had a strong showing as well , finishing with a team - high of 20 points ( 7 - 15 FG , 5 - 10 3Pt , 1 - 1 FT )",1.0
72,"He 's now combined for 37 points in the last two games , as he continues to stay very consistent for the Heat",1.0
73,Miami will look to get back on track in their next game on Sunday against the Timberwolves .,1.0
74,The Washington Wizards ( 36 - 39 ) defeated the Sacramento Kings ( 30 - 45 ) 111 - 120 on Saturday,1.0
75,Washington has won two straight and three of their last five games,1.0
76,"Bradley Beal led the way with a game - high 20 points , while Markieff Morris added 13 points , and Markieff Morris chipped in 13",1.0
77,Bradley Beal led the way for the Kings with 24 points and 10 rebounds,1.0
78,"Both teams play on Friday , as the Wizards host the Washington Wizards ( 25 - 36 ) , while the Kings host the Washington Wizards ( 25 - 30 ) .",1.0
79,"The Atlanta Hawks defeated the Atlanta Hawks , 110 - 110 , at Quicken Loans Arena on Saturday night",1.0
80,"In a battle between two struggling teams , the Hawks were able to prevail with a huge road win",1.0
81,"In fact , the Hawks outscored the Hawks , 37 - 20 , in the fourth quarter",1.0
82,"The assist - to - turnover ratio was the decisive statistic , with the Hawks recording 21 assists to 19 turnovers , while the Cavaliers committed 19 turnovers to just 21 assists",1.0
83,"The Hawks ( 5 - 2 ) have now won three of their last five games , as they continue to struggle",1.0
84,"Dwight Howard was the player of the game , as he tallied 17 points , 17 rebounds and three blocks on 3 - of - 5 shooting",1.0
85,"Kent Bazemore was n't far behind , tallying 25 points , six rebounds and three assists",1.0
86,"Kent Bazemore was the only other starter in double figures , totaling 25 points , six rebounds and three assists",1.0
87,Atlanta will look to bounce back on Sunday in a home matchup against the Toronto Raptors,1.0
88,"The Cavaliers ( 6 - 1 ) have now won three of their last five games , as they continue to struggle",1.0
89,"LeBron James did all he could for Cleveland , as he led the team with 23 points , nine rebounds and five assists",1.0
90,"Kyrie Irving was second on the team , as he accrued 29 points , four rebounds and four assists",1.0
91,"Kevin Love finished second on the team , collecting 24 points , 11 rebounds and three steals",1.0
92,"Tristan Thompson was a nice spark off the bench , providing 25 points , two rebounds and four assists",1.0
93,Cleveland will look to bounce back on Sunday in a home matchup against the Orlando Magic .,1.0
94,The Boston Celtics ( 1 - 1 ) defeated the Toronto Raptors ( 2 - 0 ) 103 - 113 on Friday at the TD Garden in Boston,1.0
95,The Celtics had a strong first half where they out - scored the Raptors 50 - 38 in the second half to pull away in the second half,1.0
96,Jonas Valanciunas put up six points and a team - high 10 rebounds in 23 minutes off the bench,1.0
97,"The Celtics ' next game is on the road against the Atlanta Hawks on Friday , while the Raptors will travel to Charlotte to take on the Hornets on Friday .",1.0
98,"In fact , the Jazz led for the majority of the game , as they outscored the Lakers by 16 in the fourth quarter",1.0
99,"Rebounding was key for the Jazz , as they held the Lakers to 38 percent from the field and 24 percent from three - point range",1.0
100,"Rebounding was a huge factor as well , with the Jazz winning that battle , 43 - 24",1.0
101,"D'Angelo Russell led the team in scoring , as he tallied 17 points , five rebounds and five assists",1.0
102,"Luol Deng was the only other starter in double figures , as he totaled 12 points and 12 rebounds",1.0
103,"D'Angelo Russell led the Lakers in scoring , as he tallied 17 points , five rebounds and five assists",1.0
104,"Luol Deng was the only other starter in double figures , as he totaled 12 points and 12 rebounds",1.0
105,On deck for Los Angeles is a home matchup against the Portland Trail Blazers on Sunday,1.0
106,"The Jazz ( 1 - 1 ) have now won four of their last five games , as they continue to struggle",1.0
107,"Rudy Gobert finished second on the team , totaling 13 points , 13 rebounds and four blocks",1.0
108,The Jazz will look to bounce back on Sunday in a home matchup against the Portland Trail Blazers .,1.0
109,"The Chicago Bulls defeated the host Toronto Raptors , 105 - 94 , at United Center on Friday evening",1.0
110,"The Bulls ( 32 - 29 ) came into this game as one of the hottest teams in the NBA , and the Raptors ( 32 - 24 ) were able to keep the game close throughout",1.0
111,"The Bulls ( 32 - 24 ) were without Dwyane Wade ( knee ) in the second half of a back - to - back set , but Jimmy Butler was able to pull away in the final minute of the fourth quarter",1.0
112,"Butler finished with 19 points , 12 assists , two rebounds and five steals on 2 - of - 10 shooting , while DeMar DeRozan added 18 points , three rebounds and three assists on 5 - of - 19 shooting",1.0
113,"Jimmy Butler was the high - point man for Chicago , with 19 points , to go along with two rebounds , 12 assists and five steals , in 38 minutes",1.0
114,"Jimmy Butler led the way for the Raptors with 19 points , two rebounds and 12 assists , in 38 minutes",1.0
115,"DeMar DeRozan followed up with 18 points , five rebounds and three assists , in 38 minutes",1.0
116,"Taj Gibson chipped in 14 points and four rebounds , while Norman Powell added 13 points on 4 - of - 8 shooting , in 18 minutes off the bench",1.0
117,"The Pacers got off to a strong start in this game , out - scoring the Celtics 64 - 48 in the first half alone",1.0
118,"They were also able to get it done in the second half , where they out - scored the Celtics 59 - 42 , allowing them to coast to a victory on the road",1.0
119,"CJ Miles chipped in with 17 points ( 6 - 10 FG , 1 - 4 3Pt , 4 - 4 FT ) and five rebounds , while Isaiah Thomas chipped in with 14 points ( 4 - 13 FG , 1 - 4 3Pt , 5 - 7 FT ) , three rebounds and four assists",1.0
120,"Evan Turner led the way , scoring 20 points ( 9 - 13 FG , 0 - 0 3Pt , 2 - 2 FT ) to go along with three rebounds",1.0
121,"He 's now combined for 52 points in his last two games , so it was good to see him get back on track",1.0
122,"The only other player to reach double figures in points was Isaiah Thomas , who recorded 14 points ( 4 - 13 FG , 1 - 4 3Pt , 5 - 7 FT ) and three rebounds",1.0
123,Boston will look to continue their winning ways on the road Thursday against the Boston Celtics,1.0
124,"The Celtics ' next game will be on the road against the Cleveland Cavaliers on Friday , while the Celtics will travel to Indiana to play the Pacers on Wednesday .",1.0
125,The Houston Rockets ( 4 - 3 ) defeated the LA Clippers ( 4 - 2 ) 109 - 105 on Wednesday at the Staples Center in LA,1.0
126,"The Clippers were the superior shooters in this game , going 44 percent from the field and 23 percent from the three - point line , while the Clippers went 48 percent from the floor and just 18 percent from beyond the arc",1.0
127,"The Rockets were led by Blake Griffin , who went 14 - for - 22 from the field and 0 - for - 1 from the three - point line to score a game - high of 35 points , while also adding 11 rebounds and five assists",1.0
128,He 's now averaging 46 points per game on the season,1.0
129,He 's now averaging 16 points and 7 rebounds on the year,1.0
130,"JJ Redick also had a solid showing , posting 19 points ( 8 - 15 FG , 3 - 4 3Pt , 3 - 4 FT ) and three assists",1.0
131,"It was his second double - double in a row , as he 's combined for 48 points and 14 rebounds over his last two games",1.0
132,"The Rockets ' next game will be on the road against the Los Angeles Lakers on Wednesday , while the Clippers will travel to Los Angeles to play the Lakers on Friday , while the Clippers will travel to Los Angeles to play the Lakers on Friday .",1.0
133,The Portland Trail Blazers ( 7 - 10 ) defeated the Los Angeles Lakers ( 2 - 13 ) 108 - 96 on Friday at the Moda Center in Portland,1.0
134,"He 's combined for 37 points over his last two games , as he continues to be a force on the boards",1.0
135,Lillard on the other hand shot 12 - for - 20 from the field and 4 - for - 7 from the three - point line to score 28 points,1.0
136,"It was his second strong showing in a row , as he 's combined for 56 points and 22 rebounds over his last two games",1.0
137,"The only other player to reach double figures in points was Kobe Bryant , who came off the bench for 21 points ( 7 - 20 FG , 1 - 5 3Pt , 6 - 7 FT ) , two rebounds and two assists",1.0
138,"It was far - and - away his best game of the year so far , as it marked a new season - high in points for the guard",1.0
139,"The only other player to reach double figures in points was Jordan Clarkson , who finished with 19 points ( 8 - 15 FG , 2 - 5 3Pt , 1 - 2 FT ) , two assists and four steals",1.0
140,"It was the first time he 's surpassed the 20 - point mark this season , so it was good to see him get back on track",1.0
141,"Jordan Clarkson led the way with 19 points ( 8 - 15 FG , 2 - 5 3Pt , 1 - 2 FT ) , four assists and four steals , while Clarkson had 19 points ( 8 - 15 FG , 2 - 5 3Pt , 1 - 2 FT ) of his own , to go along with four assists and four steals",1.0
142,"The Trail Blazers ' next game will be at home against the Portland Trail Blazers on Friday , while the Lakers will travel to Sacramento to play the Kings on Friday .",1.0
143,"In fact , Oklahoma City outscored Miami , 46 - 34 in the second half to pull out a win",1.0
144,"Rebounding was the biggest factor for Oklahoma City , as they won that battle , 46 - 34",1.0
145,"Steven Adams was second on the team , totaling 15 points , eight rebounds and two blocks",1.0
146,"Andre Roberson and Domantas Sabonis were the only other Thunder players in double figures , as they scored just 1 points a piece",1.0
147,"Domantas Sabonis played well off the bench , providing six points and five rebounds",1.0
148,On deck for the Thunder is a road matchup with the Orlando Magic on Monday,1.0
149,"Miami ( 10 - 22 ) have been one of the best teams in the NBA across the last two months , as this marks their 10th win in their last eight games",1.0
150,"Josh Richardson led the team in scoring , as he collected 22 points , five rebounds and three assists off the bench",1.0
151,"Tyler Johnson was second on the team , as he accrued 15 points , two rebounds and two assists",1.0
152,"Josh Richardson led the bench in scoring , accruing 22 points , five rebounds and three assists",1.0
153,Miami will host the Boston Celtics for their next game on Saturday .,1.0
154,"The Spurs ( 13 - 3 ) checked in to Thursday 's contest with a mere nine points over the Celtics ( 9 - 7 ) at home , but it was n't enough to keep the Celtics ( 9 - 7 ) to their eighth home victory of the season",1.0
155,"Avery Bradley added 19 points on 8 - of - 15 shooting , while David Lee chipped in 15 points off the bench",1.0
156,"Avery Bradley followed up with 19 points , eight rebounds and three assists , while David Lee chipped in 15 points on 6 - of - 9 shooting , including 0 - of - 0 from long range",1.0
157,"LaMarcus Aldridge finished with 10 points , four rebounds and four assists , in 32 minutes",1.0
158,The Heat were expected to win this game easily and they took care of business in this wire - to - wire win,1.0
159,"In fact , the Heat led for the entirety of the second half , as they outscored the Pacers , 30 - 16 , in the third quarter",1.0
160,"The assist - to - turnover ratio was the decisive statistic , with Miami recording 23 assists to 16 turnovers , while Indiana committed 15 turnovers to just 16 assists",1.0
161,"The Pacers ( 30 - 29 ) have now won five of their last six games , as they continue to falter",1.0
162,"Paul George led the way for Indiana , as he tallied 10 points , five rebounds and one assist",1.0
163,"Thaddeus Young was the only other starter in double figures , as he totaled 13 points , five rebounds and four assists",1.0
164,On deck for Indiana is a home matchup against the Atlanta Hawks on Friday,1.0
165,"The Heat ( 27 - 32 ) have now won four of their last six games , as they continue to falter",1.0
166,Miami will look to play better on Thursday in a home matchup against the Toronto Raptors .,1.0
167,The Portland Trail Blazers ( 30 - 10 ) defeated the San Antonio Spurs ( 25 - 16 ) 110 - 96 on Wednesday at the AT & T Center in San Antonio,1.0
168,"The Spurs got off to a quick start in this one , out - scoring the Spurs 35 - 28 in the first quarter alone",1.0
169,"The Spurs were able to coast to a victory in front of their home crowd , as they shot 50 percent from the field and 38 percent from the three - point line , while the Spurs finished at 45 percent from the floor and just 32 percent from deep",1.0
170,"The Trail Blazers were also able to force the Spurs into 16 turnovers , while committing only 12 of their own",1.0
171,The Spurs were led by the duo of LaMarcus Aldridge and LaMarcus Aldridge,1.0
172,"Aldridge went 9 - for - 18 from the field and 6 - for - 6 from the three - point line to score a game - high of 24 points , while also adding eight rebounds and three assists",1.0
173,"Aldridge on the other hand went 9 - for - 18 from the field and 6 - for - 6 from the three - point line to score 24 points , while also adding eight rebounds and three assists",1.0
174,"It was his second double - double in a row , as he 's combined for 54 points and 13 rebounds over that span",1.0
175,"The Spurs ' next game will be at home against the Dallas Mavericks on Friday , while the Spurs will be at home against the Golden State Warriors on Friday .",1.0
176,"The Los Angeles Clippers defeated the host Charlotte Hornets , 124 - 121 , at Staples Center on Wednesday",1.0
177,The Clippers ( 36 - 23 ) came into this game as a big favorite and they left it once again on Friday,1.0
178,"JJ Redick chipped in 22 points on 9 - of - 16 shooting , including 3 - of - 7 from long range , along with two rebounds , five assists and one steal",1.0
179,"JJ Redick added 22 points , two rebounds and two assists , and Frank Kaminsky chipped in 16 points on 5 - of - 13 shooting , to go with five rebounds and four assists",1.0
180,"Batum finished with a game - high 31 points , along with eight rebounds and four assists",1.0
181,"Kemba Walker added 34 points , two rebounds , two assists and two steals on 11 - of - 26 shooting , including 6 - of - 10 from long range",1.0
182,"The Golden State Warriors defeated the Utah Jazz , 104 - 74 , at Oracle Arena on Saturday",1.0
183,"Golden State was expected to win this game easily , but it took a monster second half to escape with a win",1.0
184,"Draymond Green finished second on the team with 15 points , 11 rebounds and four assists",1.0
185,"Rudy Gobert recorded a double - double , totaling 11 points and 17 rebounds",1.0
186,"Klay Thompson led the team in scoring , as he dropped 17 points on 8 - of - 13 shooting",1.0
187,"Joe Johnson was the only other starter in double figures , as he accrued 14 points and two rebounds",1.0
188,"Gordon Hayward was the player of the game , as he accumulated 25 points , three rebounds and four assists",1.0
189,"Rudy Gobert was the only other Jazz player in double figures , as he totaled 11 points and 17 rebounds .",1.0
190,"The Hawks held the Magic to a 35 percent success rate from the floor and 26 percent from three - point range , while also eliciting 15 turnovers from the Hawks ( 30 - 21 )",1.0
191,"Paul Millsap led the way for the Hawks with a game - high 21 points , which he supplemented with five rebounds , four assists and one steal",1.0
192,"Millsap was right behind him with 21 points , five rebounds , four assists and one steal",1.0
193,"Dwight Howard posted a 11 - point , 13 - rebound double - double that also included three assists , one steal and one block",1.0
194,"Kent Bazemore led the bench with 27 points , three rebounds , three assists and two steals",1.0
195,"Kent Bazemore led the second unit with 27 points , three rebounds , three assists and two steals",1.0
196,"Paul Millsap led the way for Orlando with 21 points , five rebounds , four assists , one steal and one block",1.0
197,"Dwight Howard posted a 11 - point , 13 - rebound double - double that also included three assists , one steal and one block",1.0
198,"Kent Bazemore led the second unit with 12 points , three rebounds , three assists , two steals and one block",1.0
199,"The Magic head back home to face off with the New York Knicks on Monday night , while the Hawks remain home and await the Toronto Raptors on Friday evening as well .",1.0
200,"The Miami Heat defeated the Toronto Raptors , 104 - 89 , at American Airlines Arena on Saturday afternoon",1.0
201,"The Heat ( 32 - 34 ) checked in to Wednesday 's contest with only seven wins in their previous seven games , but the Heat ( 38 - 28 ) were able to prevail with a much - needed win",1.0
202,"The Heat ( 38 - 28 ) were able to outperform Toronto ( 38 - 28 ) to a 38 percent success rate from the field , and 13 percent from three - point range , while also holding the Raptors to a 38 percent success rate from behind the arc",1.0
203,"Serge Ibaka was next with nine points , four rebounds , an assist and three blocks",1.0
204,"Jonas Valanciunas posted a 10 - point , 10 - rebound double - double that also included an assist",1.0
205,"Fred VanVleet supplied five points , four rebounds , one assist and a steal",1.0
206,"Tyler Johnson paced the bench with 16 points , three rebounds , three assists and a steal",1.0
207,"Hassan Whiteside posted a 12 - point , 14 - rebound double - double that also included an assist , four blocks and a steal",1.0
208,"Goran Dragic and Dion Waiters supplied matching 15 - point efforts , with the former also supplying a pair of assists and a steal , and the latter supplying five assists , one rebound and one steal",1.0
209,"Wayne Ellington led the second unit with 11 points , three rebounds and one steal",1.0
210,"The Raptors head back home to face off with the Atlanta Hawks on Friday afternoon , while the Heat travel to Atlanta for a Friday evening date with the Hawks .",1.0
211,The Atlanta Hawks ( 25 - 8 ) defeated the Portland Trail Blazers ( 26 - 8 ) 115 - 107 on Tuesday at the Moda Center in Portland,1.0
212,"The Hawks came into this game riding a three - game losing streak , but it was n't enough to get the victory in front of their home crowd",1.0
213,"The Hawks shot 51 percent from the field , compared to the Blazers who shot 51 percent on their end",1.0
214,"The Hawks were led by Paul Millsap , who finished with a game - high of 27 points ( 11 - 17 FG , 0 - 1 3Pt , 5 - 7 FT ) , to go along with six rebounds",1.0
215,The Trail Blazers had six players reach double figures in points,1.0
216,"Wesley Matthews shot 5 - for - 14 from the field and 4 - for - 10 from the three - point line to score 19 points , while Nicolas Batum added 16 points ( 7 - 14 FG , 2 - 8 3PT ) and a pair of rebounds off the bench",1.0
217,"The Blazers shot just 7 - 24 ( 39 percent ) from three - point land , but it was n't enough to propel the Trail Blazers to the win",1.0
218,"The Hawks ' next game will be on the road against the Cleveland Cavaliers on Friday , while the Trail Blazers will travel to Cleveland to play the Cavaliers on Friday .",1.0
219,"The Boston Celtics defeated the Chicago Bulls , 107 - 100 , at TD Garden on Friday",1.0
220,"The Celtics ( 3 - 1 ) checked in to Friday with only seven road wins in 17 games this season , but the Celtics ( 3 - 1 ) were able to prevail with a solid road victory",1.0
221,"The Celtics ( 3 - 1 ) were able to overcome a solid shooting night from the floor ( 3 - 1 ) on their home court , limiting the Bulls ( 3 - 1 ) to sub - 40 percent success rates from the field and three - point range , respectively",1.0
222,"The Bulls were led by Jimmy Butler 's 23 points , which he supplemented with nine rebounds , two assists , a steal and a block",1.0
223,"Dwyane Wade was next with 15 points , four assists and two steals",1.0
224,"Taj Gibson ( eight points ) and Robin Lopez ( eight points ) were n't able to lend much support , with Gerald Green ( eight points ) and Gerald Green ( four points over 14 minutes )",1.0
225,"Avery Bradley was next with 13 points , five rebounds , four assists and a steal",1.0
226,"Jae Crowder registered 10 points , five boards and a pair of blocks",1.0
227,Gerald Green paced the bench with just four points and three assists,1.0
228,Boston remains in second place in the Eastern Conference 's Atlantic Division,1.0
229,They head to Cleveland to take on the Cavaliers on Friday night .,1.0
230,"The Washington Wizards defeated the Los Angeles Clippers , 117 - 110 , at Verizon Center on Friday",1.0
231,"The Wizards ( 12 - 14 ) checked in to Wednesday 's contest having won four of their last seven games , but they did n't disappoint against the Clippers ( 20 - 14 ) to the tune of a 28 - 27 first quarter",1.0
232,"However , the Wizards ( 20 - 14 ) regrouped at halftime and came out strong in the second quarter , jumping out to a 28 - 27 lead after one quarter",1.0
233,"However , the Wizards ( 20 - 8 ) regrouped at halftime and turned the tables in the third quarter , outscoring the Clippers by a 32 - 32 margin over the final nine minutes to seal the victory",1.0
234,"Morris followed with a 23 - point , nine - rebound double - double that also included three assists , three steals and a block",1.0
235,"Austin Rivers was next with 13 points , two rebounds , two assists and two steals",1.0
236,"JJ Redick contributed 17 points , one rebound and one block",1.0
237,"The Wizards head back home to tangle with the Milwaukee Bucks on Friday evening , while the Wizards remain home to tangle with the New York Knicks on Monday evening .",1.0
238,The Indiana Pacers ( 10 - 5 ) defeated the Chicago Bulls ( 9 - 5 ) 104 - 92 on Wednesday at Bankers Life Fieldhouse in Indianapolis,1.0
239,"The Pacers were the superior shooters in this one , going 43 percent from the field and 29 percent from the three - point line , while the Bulls went just 35 percent from the floor and a meager 42 percent from beyond the arc",1.0
240,"The Pacers were led by Paul George , who went 11 - for - 24 from the field and 4 - for - 10 from the three - point line to score a game - high of 33 points , while also adding eight rebounds and two blocked shots",1.0
241,He 's now averaging 13 points and 4 rebounds on the season,1.0
242,"Jimmy Butler also had a double - double of his own , finishing with 16 points ( 4 - 10 FG , 2 - 4 3Pt , 6 - 6 FT ) , five rebounds , five assists and two steals",1.0
243,"It was his second double - double in a row , as he 's combined for 50 points and 13 rebounds over his last two games",1.0
244,"Coming off the bench , CJ Miles had 16 points ( 6 - 12 FG , 3 - 8 3Pt , 1 - 1 FT ) of his own",1.0
245,"The Pacers ' next game will be at home against the New York Knicks on Wednesday , while the Bulls will travel to Charlotte to play the Hornets on Friday in the second half of a back - to - back .",1.0
246,"Russell Westbrook and Russell Westbrook both the Oklahoma City Thunder and the Oklahoma City Thunder , however , as they continue to play at the Sleep Train Arena",1.0
247,"Westbrook finished with 36 points , 11 rebounds , seven assists , four steals and one block on 11 - of - 21 shooting , while Westbrook scored 36 points on 11 - of - 21 shooting , to go along with 11 rebounds , seven assists , three steals and one block , in 36 minutes",1.0
248,"Enes Kanter was the only other Thunder player to score in double digits , as he finished with 29 points on 10 - of - 18 shooting , in 32 minutes off the bench",1.0
249,"DeMarcus Cousins led the way for the Kings , with 31 points on 11 - of - 20 shooting , along with 11 rebounds , seven assists and four steals , in 34 minutes",1.0
250,"Enes Kanter followed up with 29 points on 10 - of - 18 shooting , in 32 minutes , while Steven Adams chipped in 21 points , four rebounds and one steal , in 27 minutes .",1.0
251,The Sacramento Kings ( 16 - 25 ) defeated the Sacramento Kings ( 16 - 25 ) 98 - 94 on Wednesday at the Moda Center in Portland,1.0
252,"The Kings got off to a quick start in this one , out - scoring the Kings 31 - 23 right away in the first quarter",1.0
253,"The Kings were the superior shooters in this game , going 45 percent from the field and 33 percent from the three - point line , while the Kings went just 40 percent from the floor and just 31 percent from deep",1.0
254,"The Trail Blazers ' next game will be at home against the Los Angeles Clippers on Wednesday , while the Blazers will be at home against the Los Angeles Clippers on Wednesday .",1.0
255,"The Washington Wizards defeated the Brooklyn Nets , 114 - 110 , at Barclays Center on Saturday evening",1.0
256,"The Wizards ( 31 - 21 ) have been mocked for some time for the "" Trust the Process "" slogan that has become associated with their run with the first - round win of the season",1.0
257,"Washington was able to withstand a late rally from the Nets ( 9 - 21 ) in the first half of a back - to - back set , building a 31 - 22 lead after one quarter",1.0
258,"However , the Wizards ( 31 - 44 ) regrouped at halftime and came out strong in the second quarter , outscoring the Nets by a 59 - 48 margin in the second half",1.0
259,"The visitors were led by a pair of 23 - point efforts from John Wall and Bradley Beal , with the former adding 2 rebounds , two assists and two steals and the latter posting six rebounds , two assists and two steals",1.0
260,"Sean Kilpatrick led the second unit with 10 points , four rebounds and two assists",1.0
261,"Bradley Beal led the way for Brooklyn with 31 points , six rebounds , two assists and two steals",1.0
262,"Rondae Hollis-Jefferson posted a 13 - point , 11 - rebound double - double that also included two assists and a steal",1.0
263,"Jason Smith led the second unit with 15 points , eight rebounds and a steal",1.0
264,"Sean Kilpatrick led the second unit with 10 points , four rebounds and two assists",1.0
265,"Bradley Beal led the Nets with 31 points , six rebounds , two assists and two steals",1.0
266,"Marcin Gortat posted a 14 - point , 14 - rebound double - double that also included one assist , one steal and one block",1.0
267,"The Nets head back home to face off with the Detroit Pistons on Friday night , while the Nets remain home and await the Phoenix Suns on Friday evening as well .",1.0
268,These are two teams going in opposite directions and this result shows just that,1.0
269,"In this game , there were 8 ties and 10 lead changes in total , with neither team leading by more than 8 points",1.0
270,Anthony Davis led the Timberwolves in scoring with 42 points on 16 - of - 22 from the field and 8 - of - 11 from the free - throw line,1.0
271,"Buddy Hield was second on the team , as he dropped 17 points on 7 - of - 10 shooting",1.0
272,"Minnesota 's next game will be on Friday , when they host the Oklahoma City Thunder for their next game",1.0
273,"The Pelicans ( 21 - 33 ) have been one of the worst teams in the league , as this marks their 17th win at Verizon Center",1.0
274,"Anthony Davis led the way for Minnesota , as he collected 42 points and 13 rebounds",1.0
275,"The Toronto Raptors defeated the host Dallas Mavericks , 94 - 86 , at American Airlines Center on Friday evening",1.0
276,"The Raptors ( 44 - 29 ) have now won four of their last five games , as they have now won four of their last five games",1.0
277,"However , the Raptors ( 44 - 29 ) have now won four of their last five games , as they 've now won four of their last five games",1.0
278,"Serge Ibaka followed up with 18 points , eight rebounds , one assist and one steal , in 32 minutes , while Jonas Valanciunas chipped in 18 points , six rebounds , one assist and one steal , in 22 minutes",1.0
279,"DeMarre Carroll chipped in 14 points , five rebounds , one assist and one steal , in 24 minutes off the bench",1.0
280,"The Raptors shot 48 percent from the field and 43 percent from long range , while the Raptors shot 38 percent from the field and only 25 percent from long range",1.0
281,The Raptors will look to bounce back as they play host to the Trail Blazers on Monday,1.0
282,"Meanwhile , the Mavericks ( 31 - 41 ) have now lost four of their last five games , as they continue to battle for the top seed in the West",1.0
283,"Harrison Barnes followed up with 23 points on 8 - of - 17 shooting , including 2 - of - 2 from long range , along with seven rebounds , three steals and two assists , in 37 minutes",1.0
284,"Seth Curry followed up with 11 points , in 30 minutes off the bench , while Dirk Nowitzki chipped in 11 points , five rebounds , one assist and one steal , in 29 minutes",1.0
285,The Mavericks will look to bounce back as they play host to the Nets on Monday .,1.0
286,The Brooklyn Nets ( 18 - 47 ) defeated the Philadelphia 76ers ( 9 - 56 ) 89 - 95 on Wednesday night at the Wells Fargo Center in Philadelphia,1.0
287,"The Nets had a strong first half where they out - scored the Sixers 29 - 19 , but were unable to get it done in the second half",1.0
288,"Bojan Bogdanovic chipped in 14 points ( 4 - 13 FG , 1 - 3 3Pt , 5 - 5 FT ) , nine rebounds and nine assists , while Sean Kilpatrick chipped in 10 points ( 4 - 7 FG , 0 - 3 3Pt , 2 - 2 FT ) , nine rebounds , two assists and two steals , in 40 minutes",1.0
289,"Nerlens Noel had a solid game , with 13 points ( 6 - 7 FG , 1 - 3 3Pt , 2 - 2 FT ) , nine rebounds , two assists and two steals , in 40 minutes",1.0
290,"Nerlens Noel had a solid game , with 13 points ( 6 - 10 FG , 1 - 3 3Pt ) , along with 11 rebounds , two assists , two steals and three blocked shots , in 34 minutes",1.0
291,Philadelphia will have a few days off before visiting the Miami Heat on Friday,1.0
292,The Sixers will play in Indiana on Friday .,1.0
293,"The Thunder ( 10 - 8 ) came in to Tuesday 's contest with a golden opportunity to keep their faint playoff hopes alive , as the Thunder ( 8 - 8 ) were able to pierce Oklahoma City 's armor Wednesday , touching up Gregg Popovich 's crew for a season - high 106 points",1.0
294,"Russell Westbrook 's 17 - point , 15 - rebound double - double led the way for the Thunder , and he added 13 rebounds , 15 assists , a steal and a block to lead the way for the Thunder",1.0
295,"Tobias Harris ( 21 points ) and Victor Oladipo ( 18 points ) rounded out the starting five 's strong night , while Andre Drummond posted a 10 - point , eight - rebound double - double",1.0
296,Enes Kanter led the second unit with 12 points,1.0
297,"The Thunder were led by Russell Westbrook 's 17 points , which he supplemented with 13 rebounds , an assist , a steal and a block",1.0
298,"Victor Oladipo was next with 18 points , six rebounds , two assists and a steal",1.0
299,"Steven Adams posted a 16 - point , 9 - rebound double - double that also included a block",1.0
300,"Enes Kanter led the bench with 12 points , three rebounds and a block",1.0
301,"Enes Kanter paced the Pistons with 21 points , four rebounds , an assist and three steals",1.0
302,"Enes Kanter led the second unit with 12 points , three rebounds and a block",1.0
303,"The Pistons head back home to tangle with the Golden State Warriors on Friday night , while the Thunder remain home to face the San Antonio Spurs on Monday evening as well .",1.0
304,"The Toronto Raptors defeated the Orlando Magic , 109 - 79 , at Amway Center on Saturday evening",1.0
305,"The Raptors ( 19 - 8 ) have been one of the hottest teams in the NBA this season , and the Raptors ( 19 - 8 ) came in to Friday 's contest with a 30 - point victory over the Magic ( 12 - 17 )",1.0
306,"Kyle Lowry was right behind him with a 16 - point , 10 - assist double - double that also included three rebounds , a steal and a block",1.0
307,"Toronto remains in third place in the Eastern Conference 's Atlantic Division , and are currently slotted in the seventh seed in the conference as well",1.0
308,They head to Charlotte to take on the Hornets on Friday night,1.0
309,"Orlando 's attack was spearheaded by Elfrid Payton , who tallied 13 points , three assists , two rebounds and a steal",1.0
310,"Aaron Gordon was next with a 10 - point , 12 - rebound double - double that also included an assist , a steal and a block",1.0
311,"Elfrid Payton was next with 13 points , two assists , two rebounds and a steal",1.0
312,"Aaron Gordon was next with a 10 - point , 12 - rebound double - double that also included an assist , a steal and a block",1.0
313,"DJ Augustin was productive in a reserve role as well with 11 points , three rebounds , two assists and a pair of steals",1.0
314,The Raptors remain in last place in the Eastern Conference 's Southeast Division,1.0
315,They 're home again on Friday to face off with the Orlando Magic .,1.0
316,"The Denver Nuggets defeated the Phoenix Suns , 123 - 112 , at Talking Stick Resort Arena on Friday evening",1.0
317,The Nuggets ( 21 - 25 ) came into this game tied for the worst record in the west and this was a much needed win for the Suns ( 21 - 25 ),1.0
318,"Six players scored in double digits for Denver , including Danilo Gallinari , who led the way with 32 points , eight rebounds and one assist",1.0
319,"The Nuggets ( 15 - 32 ) were led by Devin Booker , who tallied 23 points , four rebounds , two assists , one steal and one block",1.0
320,"Next up , the Suns host the Phoenix Suns on Friday for their next game .",1.0
321,"The Milwaukee Bucks defeated the Los Angeles Lakers , 122 - 122 , at BMO Harris Bradley Center on Tuesday",1.0
322,"In a battle between two struggling teams , the Bucks were able to prevail with a huge road win",1.0
323,"In fact , the Bucks led for the majority of the game , as they led by double - digits for the entirety of the second half",1.0
324,"Rebounding was key for the Lakers , as they held the Lakers to 29 percent shooting and forced them to commit 17 turnovers",1.0
325,"The Lakers ( 19 - 37 ) have now won four of their last five games , as they continue to struggle",1.0
326,"D'Angelo Russell was the player of the game , as he tallied 41 points , three rebounds and five assists on 11 - of - 20 shooting",1.0
327,"Luol Deng was second on the team , as he accrued 26 points , three rebounds and two assists",1.0
328,"D'Angelo Russell was the only other starter in double figures , as he accrued 14 points , three rebounds and five assists",1.0
329,On deck for Los Angeles is a road matchup with the New Orleans Pelicans on Sunday,1.0
330,"Milwaukee ( 22 - 30 ) has now lost three of their last five games , as they continue to struggle",1.0
331,"Khris Middleton was second on the team , as he accrued 18 points , six rebounds and six assists",1.0
332,"Greg Monroe was the only other starter in double figures , as he accrued 18 points , five rebounds and three assists",1.0
333,Milwaukee will look to build off this win on Friday in a road matchup with the Orlando Magic .,1.0
334,The Phoenix Suns ( 11 - 8 ) defeated the David West ( 5 - 12 ) 116 - 0 on Wednesday at the US Airways Center in Phoenix,1.0
335,"The Suns got off to a quick start in this one , out - scoring the Pacers 26 - 27 in the first quarter alone",1.0
336,"The Suns were the superior shooters in this game , going 50 percent from the field and 48 percent from the three - point line , while the 12 - for - 12 from the free throw line , 0 - for - 3 from beyond the arc",1.0
337,The Suns were led by the duo of Eric Dragic and Goran Dragic,1.0
338,"Dragic went 11 - for - 15 from the field and 5 - for - 6 from the three - point line to score a game - high of 34 points , while also adding five rebounds and three steals",1.0
339,"It was a season - high in points for Dragic , who recorded his second double - double in the last five games",1.0
340,"It was his second double - double in a row , as he 's combined for 42 points and 11 rebounds over his last two games",1.0
341,"It was his second double - double in a row , as he 's averaged 10 points and 16 rebounds per game",1.0
342,"It was his second double - double in a row , as he 's combined for 42 points and 12 rebounds over his last two games",1.0
343,He 's now averaging 10 points and 6 rebounds on the year,1.0
344,"CJ Miles had a strong showing off the bench , scoring 17 points ( 6 - 9 FG , 1 - 3 3Pt , 4 - 4 FT ) , to go along with two rebounds and two assists",1.0
345,He 's now averaging 15 points and 6 rebounds on the year,1.0
346,CJ Miles was the only other starter to reach double figures in points,1.0
347,"He went 6 - for - 9 from the field and 1 - for - 3 from the three - point line to score 17 points , while also adding seven rebounds and a steal",1.0
348,"The Suns ' next game will be at home against the Toronto Raptors on Friday , while the Pacers will be at home against the Brooklyn Nets on Friday .",1.0
349,"The Golden State Warriors defeated the Sacramento Kings , 114 - 100 , at Oracle Arena on Saturday",1.0
350,"The Warriors ( 58 - 14 ) came into Wednesday 's contest with a golden opportunity to keep their faint playoff hopes alive , as the Kings ( 27 - 45 ) were able to pierce Golden State 's armor Wednesday , touching up Gregg Popovich 's crew for a season - high 114 points",1.0
351,"Skal Labissiere followed with 10 points , eight assists , a rebound and a block in 27 minutes off the bench",1.0
352,"The Warriors were led by Buddy Hield 's 22 points , which he supplemented with eight rebounds , seven assists and two steals",1.0
353,"Draymond Green posted a 23 - point , 4 - assist double - double that also included four rebounds , three steals and one block",1.0
354,"Skal Labissiere led the second unit with 10 points , 10 rebounds , eight assists and one block",1.0
355,"Stephen Curry paced the Kings with a 27 - point , 12 - assist double - double that also included seven rebounds and six steals",1.0
356,"Buddy Hield was next with a bench - leading 22 points , which he supplemented with eight assists , eight rebounds and two steals",1.0
357,Willie Cauley-Stein totaled 12 points and four rebounds in a reserve role .,1.0
358,"The Cleveland Cavaliers defeated the Detroit Pistons , 128 - 96 , at Quicken Loans Arena on Saturday evening",1.0
359,"The Cavaliers ( 44 - 22 ) checked in to Monday 's contest with only seven road wins in 17 games away from the Barclays Center , but the Cavaliers ( 33 - 34 ) were able to pull away with an impressive road victory against the Pistons ( 33 - 34 )",1.0
360,"The Cavaliers ( 33 - 34 ) checked in to Tuesday 's contest with only seven road wins in 17 games away from the Barclays Center , but the Cavaliers ( 33 - 34 ) were able to pull away with an impressive road victory against the Pistons ( 33 - 34 )",1.0
361,"Cleveland posted a 60 percent success rate from the field and 63 percent from three - point range , while also limiting them to a paltry 63 percent success rate from behind the arc",1.0
362,"Andre Drummond led the way for the Cavs with a modest stat line of eight points , 14 rebounds and one assist",1.0
363,"Kentavious Caldwell-Pope led the bench with 11 points , two rebounds , three assists and one steal",1.0
364,"Marcus Morris matched Morris 's point total and added seven boards , an assist and a steal",1.0
365,"Richard Jefferson and Richard Jefferson were next with a pair of 16 - point efforts , with the former adding one assist , two rebounds and one steal , and the latter registering eight boards , one assist and two steals",1.0
366,"Deron Williams was next with 13 points , three assists , two rebounds and a steal",1.0
367,"Kyle Korver totaled 12 points , five boards , one assist and one steal",1.0
368,"Richard Jefferson led the bench with 16 points , one assist , two rebounds and two steals",1.0
369,"The Pistons head back home to tangle with the Atlanta Hawks on Friday night , while the Cavaliers remain home and await the Philadelphia 76ers on Friday evening as well .",1.0
370,"The Warriors were the superior shooters in this game , going 42 percent from the field and 29 percent from the three - point line , while the Clippers went just 42 percent from the floor and a meager 29 percent from deep",1.0
371,"He 's had two solid showings in a row , combining for 39 points , 13 assists and three steals",1.0
372,"Draymond Green nearly had a triple - double of his own , as he posted 12 points ( 4 - 8 FG , 0 - 2 3Pt , 4 - 6 FT ) and 12 rebounds",1.0
373,He 's riding a nice two - game stretch where he 's combined for 29 points and 12 rebounds,1.0
374,"The Clippers received some strong contributions from their bench , with both Josh Smith and Jamal Crawford shooting all",1.0
375,"It was his second double - double in a row , a stretch where he 's averaging 17 points and 12 rebounds",1.0
376,"The only other Clipper to reach double figures in points was Jamal Crawford , who shot 4 - for - 11 from the field and 2 - for - 4 from the three - point line to score 12 points , while also handing out six assists",1.0
377,"The Clippers ' next game will be at home against the Portland Trail Blazers on Friday , while the Clippers will be at home against the Minnesota Timberwolves on Friday .",1.0
378,The Houston Rockets ( 10 - 12 ) defeated the Brooklyn Nets ( 6 - 15 ) 110 - 105 on Friday,1.0
379,The Nets came into this game as a double - digit favorite and they did n't disappoint,1.0
380,"They were led by James Harden , who tallied 10 points , nine assists , three rebounds and three steals in the win",1.0
381,"Trevor Ariza was the only other starter in double figures , as he tallied 2 points , four rebounds and four assists in the defeat",1.0
382,The Rockets will look to bounce - back against the Orlando Magic on Wednesday in their next game,1.0
383,The Nets played this game without Brook Lopez and they simply did n't have enough offense to keep up with the Nets,1.0
384,"Thaddeus Young was the only other starter in double figures , as he amassed 20 points , 12 rebounds and five assists",1.0
385,The Nets will look to keep this momentum going against the Atlanta Hawks on Friday .,1.0
386,The New York Knicks ( 8 - 10 ) defeated the Houston Rockets ( 7 - 10 ) 111 - 111 on Wednesday at Madison Square Garden in New York,1.0
387,"The Knicks got off to a quick start in this one , out - scoring the Knicks 25 - 21 in the first quarter alone",1.0
388,"The Rockets were the superior shooters in this game , going 58 percent from the field and 33 percent from the three - point line , while the Rockets went 58 percent from the floor and 33 percent from beyond the arc",1.0
389,"It was his second straight game with a career - high of 31 points ( 13 - 19 FG , 2 - 4 3Pt , 3 - 4 FT ) of his own , while also adding seven rebounds",1.0
390,"It was his second double - double in a row , as he 's combined for 45 points and 10 rebounds over his last two games",1.0
391,"Kristaps Porzingis was the only other starter in double figures , finishing with 20 points ( 8 - 13 FG , 0 - 1 3Pt , 4 - 4 FT ) , 13 rebounds and two blocked shots",1.0
392,"The Rockets ' next game will be on the road against the Detroit Pistons on Wednesday , while the Knicks will travel to Charlotte to play the Hornets on Wednesday .",1.0
393,The Portland Trail Blazers ( 39 - 36 ) defeated the Sacramento Kings ( 29 - 45 ) 105 - 93 on Tuesday at the Moda Center in Portland,1.0
394,"The Trail Blazers got off to a quick start in this one , out - scoring the Kings 32 - 32 right away in the first quarter",1.0
395,"The Kings were the superior shooters in this one , going 48 percent from the field and 48 percent from the three - point line , while the Kings went 42 percent from the floor and just 47 percent from deep",1.0
396,"Lillard went 4 - for - 9 from the field and 3 - for - 5 from the three - point line to score a game - high of 13 points , while also adding nine assists in 29 minutes",1.0
397,"It was his second game in a row shooting the ball , as he 's combined for 39 points and 14 assists over his last two games",1.0
398,"CJ McCollum added 16 points ( 5 - 13 FG , 4 - 6 3Pt , 2 - 2 FT ) of his own , while Ben McLemore went 0 - for - 7 from the field and 0 - for - 2 from the three - point line to finish with three points",1.0
399,"Despite the loss , the Kings ' backcourt of Ty Lawson and Darren Collison did everything they could to keep the Kings in this game",1.0
400,"He 's combined for just 12 points over his last two games , so it was good to see him get things turned around",1.0
401,"He 's combined for just 12 points over his last two games , so it was good to see him get things turned around",1.0
402,"Ben McLemore also had a solid showing , going 0 - for - 7 from the field and 0 - for - 2 from the three - point line to finish with three points",1.0
403,"The Kings ' next game will be on the road against the Portland Trail Blazers on Friday , while the Kings will travel to Portland to play the Trail Blazers on Friday .",1.0
404,"The Boston Celtics defeated the Los Angeles Lakers , 113 - 107 , at TD Garden on Wednesday",1.0
405,"The Celtics ( 32 - 18 ) came into this game as a double - digit favorite , but the Celtics ( 32 - 18 ) came in to Friday 's contest with a 30 - point win over the Lakers ( 17 - 36 )",1.0
406,"The team was led by Isaiah Thomas 's 38 points , which he supplemented with six assists , two rebounds and a steal",1.0
407,"Al Horford was right behind him with 11 points , eight rebounds , eight assists and a block",1.0
408,"Jae Crowder was next with a 18 - point , 12 - rebound double - double that also included an assist , two steals and a block",1.0
409,"Kelly Olynyk led the second unit with 10 points , nine rebounds , two assists and a pair of steals",1.0
410,"The Lakers head back home to face off with the Detroit Pistons on Friday night , while the Celtics remain home and await the Toronto Raptors for a Wednesday night showdown .",1.0
411,"The Minnesota Timberwolves defeated the Dallas Mavericks , 101 - 92 , at Target Center on Wednesday",1.0
412,"The Timberwolves ( 12 - 26 ) came in to Friday 000s contest with a hot start to the season , as they jumped out to a 33 - 19 lead after one quarter",1.0
413,"However , the Timberwolves ( 12 - 26 ) were able to pull away in the second half , outscoring the Mavericks ( 11 - 27 ) by a 24 - 19 margin in the third quarter",1.0
414,"However , the Timberwolves were able to pull away in the second half , outscoring the Mavericks by a 24 - 19 margin in the third quarter",1.0
415,"Harrison Barnes led the way for Dallas with a game - high 30 points , which he supplemented with two rebounds , one assist and one steal",1.0
416,"Deron Williams followed with 11 points , seven assists , two rebounds and one steal",1.0
417,"Wesley Matthews was next with a bench - leading 37 points , which he supplemented with five assists , four rebounds and one steal",1.0
418,"JJ Barea led the bench with 14 points , four assists , two rebounds and two steals",1.0
419,"JJ Barea led the bench with 14 points , four assists , two rebounds and one steal",1.0
420,"JJ Barea led the second unit with 12 points , four assists , two rebounds and one steal",1.0
421,The Mavericks remain in last place in the Western Conference 000s Northwest Division,1.0
422,They head to Minnesota to take on the Timberwolves on Wednesday,1.0
423,"Andrew Wiggins followed with 13 points , four rebounds , one assist and one block",1.0
424,"Shabazz Muhammad was next with 11 points , two rebounds , two assists and two steals",1.0
425,"Shabazz Muhammad led the second unit with 11 points , two rebounds , two assists and two steals",1.0
426,The Timberwolves remain in last place in the Western Conference 000s Northwest Division,1.0
427,They 000re home again on Wednesday for a date with the Utah Jazz .,1.0
428,The Cleveland Cavaliers ( 22 - 9 ) defeated the Orlando Magic ( 19 - 15 ) 104 - 79 on Wednesday at the Quicken Loans Arena in Cleveland,1.0
429,The Cavaliers had a strong first half where they out - scored the Magic 31 - 19,1.0
430,"The Magic were led by a strong performance from Kyrie Irving , who finished with 13 points ( 4 - 12 FG , 0 - 4 3Pt , 5 - 7 FT ) , five assists and two rebounds in 21 minutes",1.0
431,"Nikola Vucevic was limited to just four points ( 2 - 5 FG , 0 - 4 3Pt , 5 - 7 FT ) , along with five assists , in 21 minutes",1.0
432,"Aaron Gordon chipped in 11 points ( 5 - 10 FG , 1 - 2 3Pt , 2 - 2 FT ) , along with four rebounds , two assists and one steal , in 29 minutes",1.0
433,"Nikola Vucevic was limited to just four points ( 2 - 5 FG , 0 - 4 3Pt , 5 - 7 FT ) and five assists in 21 minutes , while Aaron Gordon chipped in 11 points ( 5 - 10 FG , 1 - 2 3Pt ) of his own",1.0
434,The Magic will look to get back on track as they play host to the Magic on Monday .,1.0
435,"The Houston Rockets defeated the Sacramento Kings , 117 - 104 , at Golden 1 Center on Saturday",1.0
436,"The Rockets ( 10 - 6 ) came in to Saturday 's contest with a strong start to the season , but the Rockets ( 10 - 6 ) came in to Saturday 's contest with a 38 - point first quarter , and the Kings ( 6 - 10 ) were able to pull away in the second half",1.0
437,"However , the Rockets ( 10 - 6 ) battled back to make it a one - point game at the end of the third quarter , but the Kings battled back to make it a one - point game at the end of the third quarter",1.0
438,"However , the Kings were able to pull away in the fourth quarter , outscoring the Kings ( 6 - 10 ) by a 38 - 19 margin over the final 12 minutes",1.0
439,"James Harden led the way for Houston with 23 points , nine rebounds , an assist and five blocks",1.0
440,"Eric Gordon was next with 14 points , two rebounds , an assist and a steal",1.0
441,"Clint Capela followed with 17 points , three rebounds , three assists , two steals and two blocks",1.0
442,"Trevor Ariza was next with a double - double of 18 points , 10 rebounds , three assists , two steals and two blocks",1.0
443,"Sam Dekker was productive in a reserve role as well with 17 points , three rebounds , three assists , two steals and two blocks",1.0
444,"James Harden led the way for Houston with 23 points , nine rebounds , an assist and five blocks",1.0
445,"Rudy Gay was next with 10 points , four rebounds , three assists and three steals",1.0
446,"Darren Collison was next with a 18 - point , 10 - rebound double - double that also included four assists , two steals and a pair of blocks",1.0
447,"Darren Collison was next with 18 points , four assists , three rebounds and two steals",1.0
448,"Rudy Gay posted a 10 - point , 12 - rebound double - double that also included three assists , three steals and three blocks",1.0
449,"Darren Collison led the bench with 18 points , four assists , three rebounds and two steals",1.0
450,"The Rockets head back home to face off with the San Antonio Spurs on Saturday night , while the Kings remain home and await the Golden State Warriors on Saturday evening .",1.0
451,"The Toronto Raptors defeated the Oklahoma City Thunder , 102 - 123 , at Air Canada Center on Friday",1.0
452,"In a battle between two of the best offenses in the NBA , the Raptors ( 39 - 29 ) held a double - digit lead for the entirety of the second half",1.0
453,"In fact , the Raptors led for the majority of the game , as the Thunder never led by more than 12 points for the entirety of the second half",1.0
454,"The Raptors ( 39 - 29 ) had to play this game without Kevin Durant , but they simply did n't have enough bullets to win this game",1.0
455,"Victor Oladipo led the team in scoring , as he accrued 23 points , five rebounds and two assists",1.0
456,"Enes Kanter was second on the team , totaling 14 points and seven rebounds",1.0
457,"Taj Gibson was the only other player in double figures , dropping 10 points and four rebounds",1.0
458,On deck for the Thunder is a road matchup against the Oklahoma City Thunder on Thursday,1.0
459,"The Raptors ( 39 - 29 ) have now won five of their last six games , as they continue to climb up the standings",1.0
460,"DeMar DeRozan was the player of the game , as he accumulated 22 points , three rebounds and three assists on 8 - of - 14 shooting",1.0
461,"Serge Ibaka was second on the team , as he accrued 10 points and three rebounds",1.0
462,"Cory Joseph was a nice spark off the bench , accruing 11 points , two rebounds and six assists",1.0
463,"Toronto will host the Boston Celtics for their next game on Thursday .
",1.0
464,"The Atlanta Hawks defeated the host Orlando Magic , 111 - 92 , at Amway Center on Friday",1.0
465,"In fact , there were 11 ties and 11 lead changes in total , with neither team leading by more than 11 points",1.0
466,"Defense was key for Atlanta , as they held Orlando to 43 percent from the field and 53 percent from three - point range",1.0
467,"Rebounding was a huge factor as well , with the Hawks recording 27 assists to 12 turnovers , while the Magic committed 17 turnovers to just 19 assists",1.0
468,"The Hawks ( 19 - 16 ) have now lost four of their last five games , as they continue to struggle",1.0
469,"Kent Bazemore was the only other starter in double figures , as he totaled 17 points and four assists",1.0
470,On deck for Atlanta is a home matchup against the New Orleans Pelicans on Saturday,1.0
471,"The Magic ( 16 - 21 ) have been struggling mightily recently , but this was a huge win",1.0
472,"Nikola Vucevic was the player of the game , as he collected 10 points , 12 rebounds and six assists",1.0
473,"Evan Fournier was second on the team , as he accrued 14 points , one rebound and one assist",1.0
474,"Nikola Vucevic recorded a double - double , totaling 10 points and 10 rebounds",1.0
475,"Evan Fournier was the only other Magic player in double figures , as he amassed 14 points and one rebound",1.0
476,Orlando will look to keep rolling on Friday in a home matchup against the Toronto Raptors .,1.0
477,The Dallas Mavericks ( 27 - 22 ) defeated the Brooklyn Nets ( 12 - 35 ) 91 - 79 on Wednesday at the American Airlines Arena in Dallas,1.0
478,The Mavericks were led by the duo of Brook Lopez and Chandler Parsons,1.0
479,"It was his second double - double in a row , as he 's combined for 46 points and 20 rebounds over his last two games",1.0
480,"Zaza Pachulia was the only other Nets player in double figures , as he finished with 16 points ( 6 - 10 FG , 0 - 0 3Pt , 4 - 6 FT ) and 12 rebounds in 32 minutes",1.0
481,"The only other player to reach double figures in points was Donald Sloan , who had 13 points ( 5 - 11 FG , 2 - 5 3Pt , 1 - 1 FT ) , two rebounds and four assists in 36 minutes",1.0
482,"The Mavericks ' next game will be on the road against the Detroit Pistons on Wednesday , while the Nets will travel to Indiana to play the Pacers on Friday .",1.0
483,The Milwaukee Bucks defeated the visiting Orlando Magic 93 - 89 at BMO Harris Bradley Center on Friday evening,1.0
484,"The Bucks ( 6 - 7 ) came into this game winners of five of their last six games , but the Bucks ( 6 - 8 ) were able to pull away in the second half",1.0
485,"Giannis Antetokounmpo was the high - point man for the Bucks , as he finished with 21 points , 11 rebounds , 10 assists , five steals and three blocks , in 39 minutes",1.0
486,"The Bucks have now lost two in a row , while the Magic have now lost five of their last six games",1.0
487,"The Magic shot just 42 percent from the field , but struggled from long range , where they shot just 42 percent",1.0
488,"Up next , the Bucks will head home Friday to take on the Pistons , while the Magic will head home Friday and play the Bulls .",1.0
489,"The Dallas Mavericks defeated the Los Angeles Lakers , 122 - 73 , at American Airlines Center on Wednesday",1.0
490,"In fact , the Mavericks led for the entirety of the second half , as they led by 11 at times in the second half",1.0
491,"Deron Williams was the only other starter in double figures , as he accumulated 13 points , five rebounds and eight assists",1.0
492,"Julius Randle recorded a double - double , totaling nine points , six rebounds and four assists",1.0
493,"Justin Anderson led the Lakers in scoring off the bench , as he provided 19 points and five rebounds",1.0
494,"Julius Randle was the only other Laker in double figures , collecting nine points , six rebounds and four assists",1.0
495,On deck for Los Angeles is a home matchup against the Portland Trail Blazers on Wednesday,1.0
496,"The Mavericks ( 15 - 29 ) have now won five - straight games , as they continue to revive their season",1.0
497,"Justin Anderson was second on the team , as he dropped 19 points on 5 - of - 11 shooting off the bench .",1.0
498,The San Antonio Spurs ( 4 - 2 ) defeated the Charlotte Hornets ( 2 - 4 ) 114 - 94 on Wednesday at the AT & T Center in San Antonio,1.0
499,"The Spurs got off to a hot start in this one , out - scoring the Hornets 59 - 47 in the first half alone",1.0
500,"The Hornets were led by Kawhi Leonard , who finished with a game - high 23 points ( 10 - 16 FG , 2 - 4 3Pt , 1 - 2 FT )",1.0
501,"It was his second game in a row shooting over 50 percent from the field , as he shot just 38 percent from the field",1.0
502,"Patty Mills was the only other Spurs player to score in double digits for the Spurs , as he chipped in 15 points ( 6 - 9 FG , 3 - 6 3Pt , 1 - 2 FT ) in just 4 minutes off the bench",1.0
503,The Spurs will look to get back on track as they play host to the Mavericks on Sunday,1.0
504,"It was the first time he 000s surpassed the 20 - point mark this season , giving himself a new season - high in points for the first time since the beginning of January",1.0
505,The Hornets have now lost four in a row and will look to turn things around Friday at home against the Dallas Mavericks .,1.0
506,The Atlanta Hawks ( 41 - 9 ) defeated the Washington Wizards ( 31 - 19 ) 105 - 96 on Tuesday at Philips Arena in Atlanta,1.0
507,"The Hawks were able to out - score the Wizards 28 - 18 in the third quarter , while the Wizards were able to coast to a victory in front of their home crowd",1.0
508,"The Hawks were also able to force the Wizards into 14 turnovers , while committing just 12 of their own",1.0
509,The Hawks were led by the duo of John Wall and Bradley Beal,1.0
510,"It was his second double - double in a row , as he 's combined for 54 points and 14 rebounds over his last two games",1.0
511,"Notching a double - double of his own , Paul Millsap finished with 11 points ( 4 - 7 FG , 2 - 3 3Pt , 1 - 2 FT ) and 11 rebounds",1.0
512,"It was his second double - double in a row , a stretch where he 's averaging 21 points and 12 rebounds",1.0
513,"Notching a double - double of his own , Bradley Beal finished with 23 points ( 8 - 19 FG , 0 - 4 3Pt , 7 - 10 FT ) and 8 rebounds",1.0
514,He 's now averaging 16 points and 6 rebounds on the year,1.0
515,"The only other Hawk to reach double figures in points was Al Horford , who finished with 21 points ( 10 - 24 FG , 0 - 1 3Pt , 1 - 1 FT ) and a team - high of 13 rebounds",1.0
516,"The Hawks ' next game will be at home against the New Orleans Pelicans on Friday , while the Wizards will be at home against the Cleveland Cavaliers on Friday .",1.0
517,"The Memphis Grizzlies defeated the Utah Jazz , 102 - 96 , at Vivint Smart Home Arena on Saturday",1.0
518,"The Grizzlies ( 5 - 5 ) checked in to Saturday 's contest with only six road wins in 17 tries this season , but the Grizzlies ( 5 - 5 ) came in to Tuesday 's contest with a 33 - point first quarter , and the Grizzlies ( 5 - 5 ) were able to pull away in the second half",1.0
519,"The Jazz ( 7 - 5 ) were led by Marc Gasol , who scored a game - high 22 points on 9 - of - 17 shooting , to go along with five rebounds , five assists and one steal , in 33 minutes",1.0
520,"Zach Randolph chipped in 18 points on 7 - of - 13 shooting , including 4 - of - 4 from long range , in 23 minutes off the bench",1.0
521,"The Grizzlies ( 5 - 5 ) have now lost four of their last five games , as they continue to battle for the top seed in the West",1.0
522,"Gordon Hayward led the way for the Grizzlies , with 13 points on 4 - of - 14 shooting , to go along with four rebounds , three assists and one steal , in 36 minutes",1.0
523,"Zach Randolph followed up with 18 points , while Rudy Gobert chipped in 22 points on 9 - of - 17 shooting , in 22 minutes off the bench",1.0
524,The Jazz will look to bounce back as they play host to the Trail Blazers on Monday .,1.0
525,The Memphis Grizzlies ( 31 - 12 ) defeated the Philadelphia 76ers ( 8 - 36 ) 101 - 83 on Friday,1.0
526,"In a battle between two bad defenses , the offenses really struggled",1.0
527,"Especially Philadelphia , as they shot 47 percent from the field and just 55 percent from the free - throw line",1.0
528,"The key for Memphis was the rebounding , as they snatched down 47 boards to the 76ers 48",1.0
529,"Philadelphia has been playing better lately , but this was one of their best games of the season is just what the doctor ordered",1.0
530,"Zach Randolph was the player of the game , as he led the team with 17 points and 14 rebounds on 8 - of - 11 shooting",1.0
531,"Jerami Grant was a nice spark off the bench , as he amassed 13 points , six rebounds and three steals",1.0
532,Philadelphia will look to build off this win when they take on the San Antonio Spurs on Monday,1.0
533,"The Grizzlies ( 8 - 36 ) have now lost four - straight games , as this was a season - high",1.0
534,"Zach Randolph was the lone bright spot in the loss , as he tallied 17 points , 14 rebounds and four assists in the win",1.0
535,"Zach Randolph recorded a double - double off the bench , totaling 17 points and 14 rebounds",1.0
536,"Jeff Green led the team in scoring off the bench , as he dropped 18 points on 6 - of - 11 shooting",1.0
537,"Michael Carter-Williams was the only other starter in double figures , as he collected 10 points , three rebounds and six assists",1.0
538,"Vince Carter was the only other starter in double figures , as he amassed 16 points , six rebounds and three assists",1.0
539,"Marc Gasol recorded a double - double , totaling nine points , seven rebounds , four assists , two steals and four blocks",1.0
540,On deck for Memphis is a home matchup against the Los Angeles Lakers on Sunday .,1.0
541,"The Boston Celtics defeated the Chicago Bulls , 100 - 80 , at TD Garden on Wednesday",1.0
542,"The Celtics ( 42 - 25 ) checked in to Tuesday 's contest with a win over the Bulls ( 31 - 35 ) , but they 've now won five of their last seven games",1.0
543,"However , the Celtics ( 42 - 35 ) were able to pull away in the second half , outscoring them by a 30 - 17 margin over the final 12 minutes",1.0
544,"However , the Celtics battled back in the second half , outscoring the Bulls by a 31 - 17 margin over the final 12 minutes",1.0
545,"However , the Celtics battled back to make it a one - point game with three minutes left in the fourth , but the Celtics battled back to make it a one - point game with three seconds remaining",1.0
546,"The Celtics were led by Al Horford 's 12 points , which he supplemented with seven rebounds , six assists , two blocks and a steal",1.0
547,"Kelly Olynyk led the second unit with 11 points , three rebounds , three assists and a steal",1.0
548,"The Celtics remain in second place in the Eastern Conference 's Atlantic Division , and are currently slotted in the fourth seed in the conference as well",1.0
549,They 're home again on Wednesday for a showdown with the Orlando Magic .,1.0
550,The Philadelphia 76ers ( 9 - 63 ) defeated the Denver Nuggets ( 30 - 42 ) 103 - 104 on Wednesday at the Pepsi Center in Denver,1.0
551,"The 76ers were the superior shooters in this game , going 39 percent from the field and 41 percent from the three - point line , while the Nuggets went 43 percent from the floor and 35 percent from beyond the arc",1.0
552,"The Sixers were also able to force the 76ers into 16 turnovers , while committing only nine of their own , which may have been the difference in this one",1.0
553,"The 76ers were led by a strong performance from Emmanuel Mudiay , who finished with 27 points ( 10 - 23 FG , 3 - 5 3Pt , 4 - 5 FT ) and 11 rebounds",1.0
554,"It was his third double - double in a row , a stretch where he 's averaging 29 points and 23 rebounds",1.0
555,"Notching a double - double of his own , Jokic finished with 18 points ( 5 - 6 FG , 0 - 0 3Pt , 8 - 12 FT ) and eight rebounds",1.0
556,"It was his second double - double in a row , as he 's combined for 35 points and 16 rebounds over his last two games",1.0
557,"The only other starter to reach double figures in points was TJ McConnell , who finished with 17 points ( 7 - 10 FG , 1 - 1 3Pt , 2 - 2 FT ) and five assists in 20 minutes",1.0
558,"The Sixers ' next game will be at home against the New Orleans Pelicans on Wednesday , while the Nuggets will travel to Utah to play the Jazz on Friday .",1.0
559,"The Houston Rockets defeated the Charlotte Hornets , 121 - 114 , at Toyota Center on Monday",1.0
560,"The Rockets ( 31 - 9 ) have been mocked for some time for the "" Trust the Process "" slogan that has become associated with the win over the past two games",1.0
561,"However , the Rockets ( 31 - 9 ) were able to pierce Houston 000s armor Friday , touching up Gregg Popovich 000s crew for a season - high 121 points",1.0
562,"James Harden led the way for the Rockets with a game - high 40 points , which he supplemented with 10 assists and a pair of rebounds",1.0
563,"Kemba Walker was right behind with 25 points , 10 assists , six rebounds , a steal and a block",1.0
564,"Jeremy Lamb was productive in a reserve role as well with 11 points , five rebounds , four assists and a steal",1.0
565,"Nene Hilario led the second unit with 10 points , five rebounds , one assist , two steals and two blocks",1.0
566,"James Harden led the Rockets with a 40 - point , 15 - assist double - double that also included 15 rebounds and one block",1.0
567,"Frank Kaminsky III led the bench with 22 points , three rebounds and one assist",1.0
568,"Marvin Williams followed with a 16 - point , eight - rebound double - double that also included one steal , one block and one steal",1.0
569,"Ryan Anderson was next with 13 points , two rebounds , one assist and two steals",1.0
570,"Jeremy Lamb led the second unit with 11 points , five rebounds , four assists and one steal",1.0
571,"Nene Hilario led the second unit with 10 points , five rebounds , one assist , two blocks and one steal",1.0
572,"Nene Hilario led the bench with 10 points , five rebounds , one assist , one steal and one block",1.0
573,"Nene Hilario led the bench with 10 points , five rebounds , one assist , one steal and two blocks",1.0
574,"Nene Hilario registered 10 points , five rebounds , one assist , two steals and two blocks , while Nene Hilario led the bench with 10 points , five rebounds , one assist , one steal and two blocks",1.0
575,"Nene Hilario led the bench with 10 points , five rebounds , one assist , two steals and two blocks , in 19 minutes off the bench",1.0
576,"Kemba Walker paced the Rockets with a game - high 25 points , 10 assists , six rebounds , one steal and one block",1.0
577,"Marvin Williams supplied 16 points , eight boards and one block",1.0
578,"Jeremy Lamb led the second unit with 11 points , five rebounds , four assists and one steal .",1.0
0,"Davis led the way for the Pelicans with 34 points , nine rebounds , an assist and five blocks",0.0
1,"Kevin Durant followed up with 20 points ( 7 - 11 FG , 2 - 4 3Pt , 4 - 5 FT ) , eight rebounds , nine assists , two steals and one block , in 30 minutes , while Dion Waiters chipped in 17 points ( 8 - 16 FG , 1 - 4 3Pt ) , two rebounds , three assists and three steals , in 29 minutes",0.0
2,"Gordon Hayward had six points ( 2 - 6 FG , 0 - 3 3Pt , 2 - 2 FT ) , five assists and two rebounds , while Favors had seven points ( 3 - 8 FG , 1 - 1 FT ) , two rebounds and two steals",0.0
3,"Kevin Durant added 23 points , seven assists , four rebounds , one steal and one block , in 29 minutes",0.0
4,"Klay Thompson added 16 points on 7 - of - 11 shooting , in 27 minutes",0.0
5,"The Warriors shot 62 percent from the field , including 50 percent from long range",0.0
6,"Blake Griffin finished with 20 points , four rebounds and two assists , while Blake Griffin chipped in 20 points , four rebounds and two assists",0.0
7,"Justin Holiday led the second unit with 15 points , nine rebounds , two assists and a steal",0.0
8,"Courtney Lee supplied 17 points , two assists , nine rebounds , two steals and a block",0.0
9,"Joakim Noah supplied six points , 14 boards , five assists , three steals and two blocks",0.0
10,"Mindaugas Kuzminskas supplied 13 points , four rebounds , four assists , one steal and one block in 36 minutes off the bench",0.0
11,"Carmelo Anthony paced the Knicks with a game - high 45 points , which he supplemented with six rebounds , four assists and one block",0.0
12,"Courtney Lee tallied 17 points , nine rebounds , two assists , two steals and one block",0.0
13,"Mindaugas Kuzminskas supplied 13 points , four rebounds , four assists , one steal and one block in 36 minutes off the bench .",0.0
14,"James Harden led the way with a game - high 34 points ( 9 - 16 FG , 4 - 7 3Pt , 12 - 12 FT ) , along with 11 assists and five rebounds , in 30 minutes",0.0
15,"Harrison Barnes was the high - point man for the Mavericks ( 9 - 23 ) with 21 points on 7 - of - 16 shooting , while Harrison Barnes followed up with 21 points on 7 - of - 16 shooting",0.0
16,"Nicolas Batum was second on the team , as he accrued 13 points , 10 rebounds and three assists",0.0
17,"Paul George was the player of the game , as he accumulated 22 points , five rebounds and three assists",0.0
18,"Myles Turner accrued 22 points , seven rebounds and four blocks .",0.0
19,"DeMar DeRozan had a strong showing with 30 points ( 10 - 17 FG , 0 - 1 3Pt , 10 - 13 FT ) , four rebounds , four assists and two steals",0.0
20,The Heat also saw some solid contributions off their bench,0.0
21,"Gerald Green led the way with 20 points ( 7 - 15 FG , 5 - 10 3Pt , 1 - 1 FT ) off the bench",0.0
22,"Rajon Rondo had a double - double of 15 points and 11 assists , and Darren Collison had a double - double of 13 points and 10 assists",0.0
23,Omri Casspi and Omri Casspi each added 15 points off the bench,0.0
24,"The Celtics were led by Isaiah Thomas , who scored a game - high 25 points ( 7 - 16 FG , 1 - 4 3Pt , 10 - 11 FT ) and dished out seven assists in 29 minutes",0.0
25,"DeMarre Carroll had a strong showing as well , finishing with 21 points ( 8 - 16 FG , 4 - 7 3Pt ) and five rebounds in 35 minutes",0.0
26,"The host Utah Jazz defeated the Los Angeles Lakers , 96 - 89 , at Vivint Smart Home Arena on Friday",0.0
27,"The Jazz ( 1 - 1 ) have been one of the best teams in the NBA this season , but they were able to prevail with a win",0.0
28,"The Lakers ( 1 - 1 ) had to play this game without Kobe Bryant , but they did n't have enough offense to pull out the win",0.0
29,"George Hill was the player of the game , as he led the team with 23 points , three rebounds and three assists on 7 - of - 14 shooting",0.0
30,"Rudy Gobert recorded a double - double , totaling 13 points and 13 rebounds",0.0
31,"Rudy Gobert recorded a double - double , totaling 13 points , 13 rebounds and four blocks",0.0
32,"Doug McDermott followed up with 20 points on 8 - of - 13 shooting , in 32 minutes off the bench",0.0
33,"The Raptors shot only 46 percent from the field , and 25 percent from long range .",0.0
34,The Indiana Pacers ( 5 - 4 ) defeated the Boston Celtics ( 3 - 4 ) 102 - 91 on Wednesday at the TD Garden in Boston,0.0
35,"The Pacers were led by Paul George , who finished with a game - high 26 points ( 10 - 22 FG , 2 - 5 3Pt , 4 - 5 FT ) , along with 10 rebounds , three assists and one steal",0.0
36,The Pacers had six players reach double figures in points,0.0
37,"JJ Redick also had a solid showing , finishing with 19 points ( 8 - 15 FG , 0 - 2 3Pt , 3 - 4 FT ) , two rebounds and three assists",0.0
38,"The Trail Blazers got off to a quick start in this one , out - scoring the Lakers 34 - 21 right away in the first quarter",0.0
39,"The Trail Blazers were the superior shooters in this game , going 49 percent from the field and 40 percent from the three - point line , while the Lakers went 44 percent from the floor and just 30 percent from deep",0.0
40,The Trail Blazers were led by the duo of CJ McCollum and Damian Lillard,0.0
41,"Lillard went 9 - for - 19 from the field and 5 - for - 11 from the three - point line to score a game - high of 29 points , while also adding seven assists",0.0
42,The Lakers also saw some strong contributions off their bench,0.0
43,"The Oklahoma City Thunder defeated the host Miami Heat , 106 - 94 , at American Airlines Arena on Tuesday",0.0
44,"In a battle between two of the best offenses in the NBA , the Thunder were able to prevail with a huge road win",0.0
45,"The Thunder shot 51 percent from the field , while holding the Heat to 44 percent from the field",0.0
46,"Rebounding was also decisive , with Oklahoma City winning that battle , 46 - 32",0.0
47,Oklahoma City ( 20 - 12 ) had to play this game without Kevin Durant and they did n't disappoint,0.0
48,"Russell Westbrook carried the load , as he accumulated 29 points , 17 rebounds and 11 assists",0.0
49,"Hassan Whiteside totaled 12 points , eight rebounds and two steals",0.0
50,"The San Antonio Spurs defeated the Boston Celtics , 109 - 103 , at TD Garden on Friday",0.0
51,"Kawhi Leonard led the way for the Spurs , scoring 25 points on 8 - of - 18 shooting , including 3 - of - 7 from three - point range , to go along with 10 rebounds and four assists in 35 minutes",0.0
52,"Kawhi Leonard added 25 points , 10 rebounds and four assists , while Patty Mills added 19 points off the bench",0.0
53,"Isaiah Thomas led the Celtics in scoring , with 24 points , to go along with a rebound and eight assists , in 36 minutes",0.0
54,"The Spurs shot 47 percent from the field and 46 percent from long range , while the Celtics shot 46 percent from the field , while the Celtics hit 46 percent of their shots .",0.0
55,"The Miami Heat defeated the Indiana Pacers , 113 - 95 , at American Airlines Arena on Saturday evening",0.0
56,"Jeff Teague was second on the team , finishing with 16 points , three rebounds and six assists",0.0
57,"Goran Dragic was the player of the game , as he accumulated 21 points , two rebounds and four assists on 8 - of - 12 shooting",0.0
58,"Hassan Whiteside recorded a double - double , totaling 22 points and 17 rebounds",0.0
59,"Dion Waiters was the only other starter in double figures , accruing 22 points , two rebounds and three assists",0.0
60,He 's now averaging 25 points and 8 rebounds on the season,0.0
61,"Coming off the bench , Manu Ginobili had 13 points ( 4 - 12 FG , 1 - 6 3Pt , 4 - 4 FT ) and seven assists in 22 minutes",0.0
62,"Blake Griffin led the way for the Clippers with 43 points on 15 - of - 26 shooting , including 3 - of - 4 from long range , including 3 - of - 4 from three - point range",0.0
63,"Jordan added 19 rebounds , one assist , three steals and two blocks , in 43 minutes",0.0
64,"The Clippers were led by Blake Griffin , who finished with 43 points , 10 rebounds , five assists and two steals on 15 - of - 26 shooting",0.0
65,"DeAndre Jordan finished with 20 points and 19 rebounds , while JJ Redick added 22 points on 9 - of - 16 shooting .",0.0
66,"In fact , the Warriors led for the entirety of the second half , as they held a double - digit lead for the final 30 - plus minutes",0.0
67,"Defense was key for Golden State , as they held the Jazz to 36 percent from the field and 30 percent from three - point range",0.0
68,"Rebounding was a huge factor for the Warriors , as they won that battle , 50 - 44",0.0
69,"Kevin Durant was the player of the game , as he tallied 22 points and five rebounds on 8 - of - 14 shooting",0.0
70,"Draymond Green recorded a double - double , totaling 15 points , 11 rebounds , four assists and five steals",0.0
71,"The Raptors were led by DeMar DeRozan 's 17 points , which he supplemented with four rebounds , two assists and one steal",0.0
72,"Jeff Teague had 22 points ( 8 - 16 FG , 6 - 6 FT ) and six assists , while Millsap added 27 points ( 11 - 17 FG , 0 - 1 3Pt , 5 - 7 FT ) and six rebounds",0.0
73,"Kyle Korver chipped in with 14 points ( 5 - 11 FG , 4 - 9 3Pt ) and eight rebounds as well",0.0
74,"Isaiah Thomas ' 23 - point , 10 - assist double - double paced the Celtics",0.0
75,"Bradley Beal 's 41 points led the Wizards , a total he supplemented with three rebounds , three assists and a steal",0.0
76,"John Wall was right behind him with 18 points , 11 assists , five rebounds , a steal and a block",0.0
77,"DeAndre Jordan posted a 13 - point , 17 - rebound double - double that also included two assists and a block",0.0
78,Marreese Speights led the second unit with 14 points and four rebounds,0.0
79,"Beal led the way for the Wizards with 41 points , three assists , three rebounds and one steal",0.0
80,"Markieff Morris followed with 23 points , nine rebounds , three assists , three steals and one block",0.0
81,"DeAndre Jordan posted a 13 - point , 17 - rebound double - double that also included two assists and one block",0.0
82,Marreese Speights led the second unit with 14 points and four rebounds,0.0
83,"The Kings shot 46 percent from the field and 36 percent from long range , while the Kings shot 46 percent from the field and 36 percent from long range",0.0
84,"The Trail Blazers were also able to force the Kings into 21 turnovers , while committing only 13 of their own",0.0
85,"Marcin Gortat posted a 14 - point , 14 - rebound double - double that also included an assist , a steal and a block",0.0
86,"Otto Porter , Jr posted a 20 - point , 10 - rebound double - double that also included one assist and a steal",0.0
87,"Bojan Bogdanovic was next with 21 points , five rebounds , four assists and two steals",0.0
88,"Sean Kilpatrick led the second unit with 10 points , four rebounds and two assists",0.0
89,"The New Orleans Pelicans defeated the Minnesota Timberwolves , 122 - 106 , at Target Center on Friday",0.0
90,"Defense was key for the Pelicans , as they held the Timberwolves to 46 percent from the field and 22 percent from three - point range",0.0
91,"Rebounding was a huge factor as well , with the Pelicans winning that battle , 43 - 34",0.0
92,"Jrue Holiday was second on the team , as he tallied 25 points , six rebounds and 12 assists",0.0
93,"Gorgui Dieng finished with eight points , eight rebounds and three steals",0.0
94,"Buddy Hield led Minnesota in scoring , as he provided 17 points and four rebounds on 7 - of - 10 from the field",0.0
95,"Gorgui Dieng amassed eight points , eight rebounds and three steals",0.0
96,"Jrue Holiday finished second on the team with 25 points , 12 assists and five steals .",0.0
97,"DeMar DeRozan led the way for the Raptors ( 44 - 29 ) with 18 points , six assists , three rebounds and one steal , in 37 minutes",0.0
98,"DeMar DeRozan led the way for the Raptors ( 44 - 29 ) with 18 points , six assists , three rebounds and one steal , in 37 minutes",0.0
99,"Brook Lopez led the way for Brooklyn , scoring a game - high 24 points ( 10 - 17 FG , 4 - 5 FT ) , to go along with seven rebounds , one assist and three blocked shots in 34 minutes",0.0
100,"Thaddeus Young had a nice game as well , finishing with 21 points ( 8 - 20 FG , 0 - 1 3Pt , 5 - 8 FT ) , nine rebounds , two steals , two assists and two steals , in 40 minutes",0.0
101,"Isaiah Canaan chipped in four points ( 2 - 7 FG , 0 - 5 3Pt ) , three rebounds and one assist",0.0
102,"The Oklahoma City Thunder defeated the Detroit Pistons , 106 - 88 , at Chesapeake Energy Arena on Saturday",0.0
103,"Ish Smith was next with 14 points , three assists and a rebound",0.0
104,"The Raptors were led by DeMar DeRozan , who posted a game - high 31 points , which he supplemented with five rebounds , four assists and a steal",0.0
105,"Jonas Valanciunas was next with a 16 - point , 13 - rebound double - double that also included a block , a block and a block",0.0
106,"Jonas Valanciunas posted a 16 - point , 13 - rebound double - double that also included a block , a block and a block",0.0
107,"Terrence Ross was productive in a reserve role as well with 11 points , two rebounds , a steal and a block",0.0
108,"Gary Harris followed up with 15 points , seven rebounds , four assists and two steals , while Wilson Chandler chipped in six points , three rebounds and one steal",0.0
109,"Jameer Nelson chipped in 17 points , three rebounds and one steal",0.0
110,"Jameer Nelson chipped in 17 points , three rebounds , six assists and one steal , while Wilson Chandler chipped in six points , three rebounds and one steal",0.0
111,"Tyson Chandler finished with 15 points , 12 rebounds and two steals , while Tyson Chandler finished with 15 points , 12 rebounds and two steals",0.0
112,"Tyson Chandler finished with 15 points , 12 rebounds and two steals",0.0
113,"Giannis Antetokounmpo was the player of the game , as he accumulated 41 points , eight rebounds and six assists",0.0
114,"Dragic had 34 points ( 11 - 15 FG , 5 - 6 3Pt , 7 - 7 FT ) , five rebounds and three assists , while Dragic had 34 points ( 11 - 20 FG , 5 - 6 3Pt , 4 - 7 FT ) , three assists and four steals",0.0
115,"Roy Hibbert also had a solid showing , recording 15 points ( 6 - 14 FG , 0 - 0 3Pt , 3 - 3 FT ) , 10 rebounds and two steals",0.0
116,"CJ Miles also had a big game off the bench with 17 points ( 6 - 9 FG , 1 - 3 3Pt , 4 - 4 FT ) and a pair of rebounds",0.0
117,"Roy Hibbert also had a solid showing , recording 15 points ( 6 - 14 FG , 0 - 0 3Pt , 3 - 3 FT ) , 10 rebounds and two steals",0.0
118,"Stephen Curry led the way for the Warriors with 27 points , 12 assists , seven rebounds and six steals",0.0
119,"Green followed with 23 points , four rebounds , eight assists , three steals and a block",0.0
120,"Ben McLemore led the second unit with 11 points , one rebound , two assists and one steal",0.0
121,"Draymond Green totaled 23 points , eight assists , four rebounds , three steals and one block",0.0
122,"Reggie Jackson followed with a modest six points , five assists , one rebound and one steal",0.0
123,"Ish Smith was productive in a reserve role as well with 12 points , three assists , one rebound and one steal",0.0
124,The Golden State Warriors ( 64 - 7 ) defeated the Los Angeles Clippers ( 43 - 27 ) 114 - 98 on Wednesday at Oracle Arena in Oakland,0.0
125,The Warriors were led by the duo of Stephen Curry and Klay Thompson,0.0
126,"Curry finished with a game - high of 33 points ( 12 - 23 FG , 4 - 10 3Pt , 5 - 6 FT ) , while also adding five assists and three steals",0.0
127,"Harrison Barnes chipped in with 11 points ( 3 - 11 FG , 2 - 4 3Pt , 3 - 4 FT ) and six rebounds of his own",0.0
128,"Jordan finished with 19 points ( 7 - 10 FG , 5 - 10 FT ) , 20 rebounds and two blocked shots , while Crawford went 4 - for - 11 from the field and 2 - for - 4 from the three - point line to score 12 points , while also handing out six assists",0.0
129,"Brook Lopez did all he could to keep the Nets in this game , as he tallied 24 points , eight rebounds and five blocks in the win",0.0
130,"The Knicks were led by Arron Afflalo , who went 13 - for - 19 from the field and 2 - for - 4 from the three - point line to score a game - high of 31 points , while also adding seven rebounds and three assists",0.0
131,The Trail Blazers ' backcourt duo of Damian Lillard and CJ McCollum were the bulk of the way for the Trail Blazers,0.0
132,McLemore went 0 - for - 7 from the field and 0 - for - 2 from the three - point line to finish with three points,0.0
133,The Kings received some contributions from their bench as well though,0.0
134,Ben McLemore went 0 - for - 7 from the field and 0 - for - 2 from the three - point line to finish with three points,0.0
135,"Jae Crowder was next with 18 points , six rebounds , an assist and a pair of steals",0.0
136,"Jae Crowder was next with 18 points , six rebounds , an assist and two steals",0.0
137,"Al Horford supplied 11 points , eight rebounds , eight assists and a block",0.0
138,"Deron Williams supplied 11 points , seven assists , two rebounds and one steal",0.0
139,"Karl-Anthony Towns led the way for Minnesota with a game - high 34 points , which he supplemented with 11 rebounds , four assists , three blocks and three blocks",0.0
140,"LeBron James had 29 points ( 11 - 18 FG , 4 - 7 3Pt , 3 - 4 FT ) , along with five rebounds , three assists and two steals , in 29 minutes",0.0
141,"Kevin Love chipped in 10 points ( 2 - 5 FG , 1 - 2 3Pt , 5 - 8 FT ) , 13 rebounds , two assists and one steal , in 29 minutes",0.0
142,"Trevor Ariza was next with a double - double of 18 points , 10 rebounds , three assists and two steals",0.0
143,"Russell Westbrook once again carried the load , as he tallied 24 points , 10 rebounds and 16 assists",0.0
144,"Jonas Valanciunas amassed seven points , five rebounds and two blocks",0.0
145,"In a battle between two struggling teams , the Hawks were able to prevail with a huge road win",0.0
146,"Dennis Schroder was the player of the game , as he tallied 18 points , six rebounds and seven assists on 7 - of - 13 shooting",0.0
147,"Dwight Howard recorded a double - double , totaling 13 points and 12 rebounds",0.0
148,"The Mavericks got off to a quick start in this one , out - scoring the Nets 25 - 18 in the first quarter",0.0
149,"The Mavericks were the superior shooters in this game , going 46 percent from the field and 38 percent from the three - point line , while the Nets finished at 36 percent from the floor and just 20 percent from deep",0.0
150,"Lopez went 10 - for - 21 from the field and 0 - for - 0 from the three - point line to score 28 points , while also adding 12 rebounds",0.0
151,"Jabari Parker followed up with 22 points ( 8 - 17 FG , 5 - 7 3Pt , 1 - 5 FT ) , three rebounds , three assists and three steals , in 35 minutes , while Jason Terry chipped in four points on 2 - of - 4 shooting , in 20 minutes off the bench",0.0
152,Nikola Vucevic shot just 4 - of - 12 from the field on his way to 11 rebounds,0.0
153,"Evan Fournier scored 18 points on 6 - of - 13 shooting in 37 minutes , while Fournier scored 18 points on 6 - of - 13 shooting in 37 minutes",0.0
154,Dallas was expected to win this game easily and they left no doubt with this result,0.0
155,"Defense was key for the Mavericks , as they held the Lakers to 38 percent shooting and forced them to commit 17 turnovers",0.0
156,"Justin Anderson led the way for Dallas in scoring , as he dropped 19 points off the bench",0.0
157,"Justin Anderson led the team in scoring off the bench , as he dropped 19 points on 5 - of - 11 shooting",0.0
158,"Justin Anderson led the bench in scoring for 19 points , while adding five rebounds and two assists",0.0
159,"Justin Anderson was the player of the game , as he led the team with 19 points and five rebounds on 5 - of - 11 shooting off the bench",0.0
160,"The Hornets were led by Kemba Walker , who scored a game - high 27 points ( 11 - 15 FG , 2 - 2 3Pt , 3 - 4 FT ) , to go along with four assists and two steals in 29 minutes",0.0
161,"Al Jefferson had a strong showing as well , posting 13 points ( 6 - 11 FG , 1 - 2 FT ) and seven rebounds",0.0
162,"The Hawks got off to a quick start in this one , out - scoring the Wizards 29 - 18 in the first quarter alone",0.0
163,"The Hawks shot 48 percent from the field and 44 percent from the three - point line , while the Wizards finished at 44 percent from the floor and just 25 percent from deep",0.0
164,"Wall went 9 - for - 15 from the field and 3 - for - 5 from the three - point line to finish with a team - high of 24 points , while also adding nine assists and seven rebounds",0.0
165,"Mike Conley followed up with 18 points on 7 - of - 14 shooting , including 2 - of - 5 from long range , to go along with seven assists , three rebounds and one steal , in 31 minutes",0.0
166,"The Jazz shot 48 percent from the field and 29 percent from long range , while the Jazz shot 48 percent from the field and 29 percent from long range",0.0
167,"The Jazz shot 48 percent from the field and 29 percent from long range , while the Jazz shot 48 percent from the field and 29 percent from long range",0.0
168,"Jeff Green was the only other starter in double figures , as he accumulated 18 points , a rebound and an assist",0.0
169,"Horford was next with 12 points , seven rebounds , six assists and a pair of blocks",0.0
170,"Al Horford was next with 12 points , seven rebounds , six assists and a pair of blocks",0.0
171,"Marvin Williams followed with 16 points , eight rebounds and a steal",0.0
172,"Frank Kaminsky III led the bench with 22 points , three rebounds and one assist",0.0
